# State Size, Output Size, Input Size, Representation, Size (byte)
001, 001, 001, double, 120
001, 001, 001, float, 68
001, 001, 002, double, 144
001, 001, 002, float, 76
001, 001, 003, double, 152
001, 001, 003, float, 84
001, 001, 004, double, 176
001, 001, 004, float, 112
001, 001, 005, double, 184
001, 001, 005, float, 100
001, 001, 006, double, 208
001, 001, 006, float, 108
001, 001, 007, double, 216
001, 001, 007, float, 116
001, 001, 008, double, 240
001, 001, 008, float, 144
001, 002, 001, double, 224
001, 002, 001, float, 128
001, 002, 002, double, 240
001, 002, 002, float, 128
001, 002, 003, double, 256
001, 002, 003, float, 144
001, 002, 004, double, 272
001, 002, 004, float, 144
001, 002, 005, double, 288
001, 002, 005, float, 160
001, 002, 006, double, 304
001, 002, 006, float, 160
001, 002, 007, double, 320
001, 002, 007, float, 176
001, 002, 008, double, 336
001, 002, 008, float, 176
001, 003, 001, double, 312
001, 003, 001, float, 164
001, 003, 002, double, 336
001, 003, 002, float, 172
001, 003, 003, double, 344
001, 003, 003, float, 180
001, 003, 004, double, 368
001, 003, 004, float, 192
001, 003, 005, double, 376
001, 003, 005, float, 196
001, 003, 006, double, 400
001, 003, 006, float, 204
001, 003, 007, double, 408
001, 003, 007, float, 212
001, 003, 008, double, 432
001, 003, 008, float, 224
001, 004, 001, double, 480
001, 004, 001, float, 256
001, 004, 002, double, 496
001, 004, 002, float, 272
001, 004, 003, double, 512
001, 004, 003, float, 272
001, 004, 004, double, 528
001, 004, 004, float, 288
001, 004, 005, double, 544
001, 004, 005, float, 288
001, 004, 006, double, 560
001, 004, 006, float, 304
001, 004, 007, double, 576
001, 004, 007, float, 304
001, 004, 008, double, 592
001, 004, 008, float, 320
001, 005, 001, double, 632
001, 005, 001, float, 324
001, 005, 002, double, 656
001, 005, 002, float, 332
001, 005, 003, double, 664
001, 005, 003, float, 340
001, 005, 004, double, 688
001, 005, 004, float, 368
001, 005, 005, double, 696
001, 005, 005, float, 356
001, 005, 006, double, 720
001, 005, 006, float, 364
001, 005, 007, double, 728
001, 005, 007, float, 372
001, 005, 008, double, 752
001, 005, 008, float, 400
001, 006, 001, double, 864
001, 006, 001, float, 448
001, 006, 002, double, 880
001, 006, 002, float, 448
001, 006, 003, double, 896
001, 006, 003, float, 464
001, 006, 004, double, 912
001, 006, 004, float, 464
001, 006, 005, double, 928
001, 006, 005, float, 480
001, 006, 006, double, 944
001, 006, 006, float, 480
001, 006, 007, double, 960
001, 006, 007, float, 496
001, 006, 008, double, 976
001, 006, 008, float, 496
001, 007, 001, double, 1080
001, 007, 001, float, 548
001, 007, 002, double, 1104
001, 007, 002, float, 556
001, 007, 003, double, 1112
001, 007, 003, float, 564
001, 007, 004, double, 1136
001, 007, 004, float, 576
001, 007, 005, double, 1144
001, 007, 005, float, 580
001, 007, 006, double, 1168
001, 007, 006, float, 588
001, 007, 007, double, 1176
001, 007, 007, float, 596
001, 007, 008, double, 1200
001, 007, 008, float, 608
001, 008, 001, double, 1376
001, 008, 001, float, 704
001, 008, 002, double, 1392
001, 008, 002, float, 720
001, 008, 003, double, 1408
001, 008, 003, float, 720
001, 008, 004, double, 1424
001, 008, 004, float, 736
001, 008, 005, double, 1440
001, 008, 005, float, 736
001, 008, 006, double, 1456
001, 008, 006, float, 752
001, 008, 007, double, 1472
001, 008, 007, float, 752
001, 008, 008, double, 1488
001, 008, 008, float, 768
002, 001, 001, double, 240
002, 001, 001, float, 144
002, 001, 002, double, 256
002, 001, 002, float, 144
002, 001, 003, double, 288
002, 001, 003, float, 160
002, 001, 004, double, 304
002, 001, 004, float, 176
002, 001, 005, double, 336
002, 001, 005, float, 192
002, 001, 006, double, 352
002, 001, 006, float, 192
002, 001, 007, double, 384
002, 001, 007, float, 208
002, 001, 008, double, 400
002, 001, 008, float, 224
002, 002, 001, double, 336
002, 002, 001, float, 192
002, 002, 002, double, 352
002, 002, 002, float, 208
002, 002, 003, double, 384
002, 002, 003, float, 224
002, 002, 004, double, 400
002, 002, 004, float, 224
002, 002, 005, double, 432
002, 002, 005, float, 240
002, 002, 006, double, 448
002, 002, 006, float, 256
002, 002, 007, double, 480
002, 002, 007, float, 272
002, 002, 008, double, 496
002, 002, 008, float, 272
002, 003, 001, double, 464
002, 003, 001, float, 256
002, 003, 002, double, 480
002, 003, 002, float, 256
002, 003, 003, double, 512
002, 003, 003, float, 272
002, 003, 004, double, 528
002, 003, 004, float, 288
002, 003, 005, double, 560
002, 003, 005, float, 304
002, 003, 006, double, 576
002, 003, 006, float, 304
002, 003, 007, double, 608
002, 003, 007, float, 320
002, 003, 008, double, 624
002, 003, 008, float, 336
002, 004, 001, double, 624
002, 004, 001, float, 336
002, 004, 002, double, 640
002, 004, 002, float, 352
002, 004, 003, double, 672
002, 004, 003, float, 368
002, 004, 004, double, 688
002, 004, 004, float, 368
002, 004, 005, double, 720
002, 004, 005, float, 384
002, 004, 006, double, 736
002, 004, 006, float, 400
002, 004, 007, double, 768
002, 004, 007, float, 416
002, 004, 008, double, 784
002, 004, 008, float, 416
002, 005, 001, double, 816
002, 005, 001, float, 432
002, 005, 002, double, 832
002, 005, 002, float, 432
002, 005, 003, double, 864
002, 005, 003, float, 448
002, 005, 004, double, 880
002, 005, 004, float, 464
002, 005, 005, double, 912
002, 005, 005, float, 480
002, 005, 006, double, 928
002, 005, 006, float, 480
002, 005, 007, double, 960
002, 005, 007, float, 496
002, 005, 008, double, 976
002, 005, 008, float, 512
002, 006, 001, double, 1040
002, 006, 001, float, 544
002, 006, 002, double, 1056
002, 006, 002, float, 560
002, 006, 003, double, 1088
002, 006, 003, float, 576
002, 006, 004, double, 1104
002, 006, 004, float, 576
002, 006, 005, double, 1136
002, 006, 005, float, 592
002, 006, 006, double, 1152
002, 006, 006, float, 608
002, 006, 007, double, 1184
002, 006, 007, float, 624
002, 006, 008, double, 1200
002, 006, 008, float, 624
002, 007, 001, double, 1296
002, 007, 001, float, 672
002, 007, 002, double, 1312
002, 007, 002, float, 672
002, 007, 003, double, 1344
002, 007, 003, float, 688
002, 007, 004, double, 1360
002, 007, 004, float, 704
002, 007, 005, double, 1392
002, 007, 005, float, 720
002, 007, 006, double, 1408
002, 007, 006, float, 720
002, 007, 007, double, 1440
002, 007, 007, float, 736
002, 007, 008, double, 1456
002, 007, 008, float, 752
002, 008, 001, double, 1584
002, 008, 001, float, 816
002, 008, 002, double, 1600
002, 008, 002, float, 832
002, 008, 003, double, 1632
002, 008, 003, float, 848
002, 008, 004, double, 1648
002, 008, 004, float, 848
002, 008, 005, double, 1680
002, 008, 005, float, 864
002, 008, 006, double, 1696
002, 008, 006, float, 880
002, 008, 007, double, 1728
002, 008, 007, float, 896
002, 008, 008, double, 1744
002, 008, 008, float, 896
003, 001, 001, double, 376
003, 001, 001, float, 196
003, 001, 002, double, 416
003, 001, 002, float, 212
003, 001, 003, double, 440
003, 001, 003, float, 228
003, 001, 004, double, 480
003, 001, 004, float, 256
003, 001, 005, double, 504
003, 001, 005, float, 260
003, 001, 006, double, 544
003, 001, 006, float, 276
003, 001, 007, double, 568
003, 001, 007, float, 292
003, 001, 008, double, 608
003, 001, 008, float, 320
003, 002, 001, double, 512
003, 002, 001, float, 272
003, 002, 002, double, 544
003, 002, 002, float, 288
003, 002, 003, double, 576
003, 002, 003, float, 304
003, 002, 004, double, 608
003, 002, 004, float, 320
003, 002, 005, double, 640
003, 002, 005, float, 336
003, 002, 006, double, 672
003, 002, 006, float, 352
003, 002, 007, double, 704
003, 002, 007, float, 368
003, 002, 008, double, 736
003, 002, 008, float, 384
003, 003, 001, double, 632
003, 003, 001, float, 324
003, 003, 002, double, 672
003, 003, 002, float, 340
003, 003, 003, double, 696
003, 003, 003, float, 356
003, 003, 004, double, 736
003, 003, 004, float, 384
003, 003, 005, double, 760
003, 003, 005, float, 388
003, 003, 006, double, 800
003, 003, 006, float, 404
003, 003, 007, double, 824
003, 003, 007, float, 420
003, 003, 008, double, 864
003, 003, 008, float, 448
003, 004, 001, double, 832
003, 004, 001, float, 448
003, 004, 002, double, 864
003, 004, 002, float, 464
003, 004, 003, double, 896
003, 004, 003, float, 480
003, 004, 004, double, 928
003, 004, 004, float, 496
003, 004, 005, double, 960
003, 004, 005, float, 512
003, 004, 006, double, 992
003, 004, 006, float, 528
003, 004, 007, double, 1024
003, 004, 007, float, 544
003, 004, 008, double, 1056
003, 004, 008, float, 560
003, 005, 001, double, 1016
003, 005, 001, float, 516
003, 005, 002, double, 1056
003, 005, 002, float, 532
003, 005, 003, double, 1080
003, 005, 003, float, 548
003, 005, 004, double, 1120
003, 005, 004, float, 576
003, 005, 005, double, 1144
003, 005, 005, float, 580
003, 005, 006, double, 1184
003, 005, 006, float, 596
003, 005, 007, double, 1208
003, 005, 007, float, 612
003, 005, 008, double, 1248
003, 005, 008, float, 640
003, 006, 001, double, 1280
003, 006, 001, float, 656
003, 006, 002, double, 1312
003, 006, 002, float, 672
003, 006, 003, double, 1344
003, 006, 003, float, 688
003, 006, 004, double, 1376
003, 006, 004, float, 704
003, 006, 005, double, 1408
003, 006, 005, float, 720
003, 006, 006, double, 1440
003, 006, 006, float, 736
003, 006, 007, double, 1472
003, 006, 007, float, 752
003, 006, 008, double, 1504
003, 006, 008, float, 768
003, 007, 001, double, 1528
003, 007, 001, float, 772
003, 007, 002, double, 1568
003, 007, 002, float, 788
003, 007, 003, double, 1592
003, 007, 003, float, 804
003, 007, 004, double, 1632
003, 007, 004, float, 832
003, 007, 005, double, 1656
003, 007, 005, float, 836
003, 007, 006, double, 1696
003, 007, 006, float, 852
003, 007, 007, double, 1720
003, 007, 007, float, 868
003, 007, 008, double, 1760
003, 007, 008, float, 896
003, 008, 001, double, 1856
003, 008, 001, float, 960
003, 008, 002, double, 1888
003, 008, 002, float, 976
003, 008, 003, double, 1920
003, 008, 003, float, 992
003, 008, 004, double, 1952
003, 008, 004, float, 1008
003, 008, 005, double, 1984
003, 008, 005, float, 1024
003, 008, 006, double, 2016
003, 008, 006, float, 1040
003, 008, 007, double, 2048
003, 008, 007, float, 1056
003, 008, 008, double, 2080
003, 008, 008, float, 1072
004, 001, 001, double, 592
004, 001, 001, float, 320
004, 001, 002, double, 624
004, 001, 002, float, 336
004, 001, 003, double, 672
004, 001, 003, float, 352
004, 001, 004, double, 704
004, 001, 004, float, 368
004, 001, 005, double, 752
004, 001, 005, float, 400
004, 001, 006, double, 784
004, 001, 006, float, 416
004, 001, 007, double, 832
004, 001, 007, float, 432
004, 001, 008, double, 864
004, 001, 008, float, 448
004, 002, 001, double, 720
004, 002, 001, float, 384
004, 002, 002, double, 752
004, 002, 002, float, 400
004, 002, 003, double, 800
004, 002, 003, float, 416
004, 002, 004, double, 832
004, 002, 004, float, 432
004, 002, 005, double, 880
004, 002, 005, float, 464
004, 002, 006, double, 912
004, 002, 006, float, 480
004, 002, 007, double, 960
004, 002, 007, float, 496
004, 002, 008, double, 992
004, 002, 008, float, 512
004, 003, 001, double, 880
004, 003, 001, float, 464
004, 003, 002, double, 912
004, 003, 002, float, 480
004, 003, 003, double, 960
004, 003, 003, float, 496
004, 003, 004, double, 992
004, 003, 004, float, 512
004, 003, 005, double, 1040
004, 003, 005, float, 544
004, 003, 006, double, 1072
004, 003, 006, float, 560
004, 003, 007, double, 1120
004, 003, 007, float, 576
004, 003, 008, double, 1152
004, 003, 008, float, 592
004, 004, 001, double, 1072
004, 004, 001, float, 560
004, 004, 002, double, 1104
004, 004, 002, float, 576
004, 004, 003, double, 1152
004, 004, 003, float, 592
004, 004, 004, double, 1184
004, 004, 004, float, 608
004, 004, 005, double, 1232
004, 004, 005, float, 640
004, 004, 006, double, 1264
004, 004, 006, float, 656
004, 004, 007, double, 1312
004, 004, 007, float, 672
004, 004, 008, double, 1344
004, 004, 008, float, 688
004, 005, 001, double, 1296
004, 005, 001, float, 672
004, 005, 002, double, 1328
004, 005, 002, float, 688
004, 005, 003, double, 1376
004, 005, 003, float, 704
004, 005, 004, double, 1408
004, 005, 004, float, 720
004, 005, 005, double, 1456
004, 005, 005, float, 752
004, 005, 006, double, 1488
004, 005, 006, float, 768
004, 005, 007, double, 1536
004, 005, 007, float, 784
004, 005, 008, double, 1568
004, 005, 008, float, 800
004, 006, 001, double, 1552
004, 006, 001, float, 800
004, 006, 002, double, 1584
004, 006, 002, float, 816
004, 006, 003, double, 1632
004, 006, 003, float, 832
004, 006, 004, double, 1664
004, 006, 004, float, 848
004, 006, 005, double, 1712
004, 006, 005, float, 880
004, 006, 006, double, 1744
004, 006, 006, float, 896
004, 006, 007, double, 1792
004, 006, 007, float, 912
004, 006, 008, double, 1824
004, 006, 008, float, 928
004, 007, 001, double, 1840
004, 007, 001, float, 944
004, 007, 002, double, 1872
004, 007, 002, float, 960
004, 007, 003, double, 1920
004, 007, 003, float, 976
004, 007, 004, double, 1952
004, 007, 004, float, 992
004, 007, 005, double, 2000
004, 007, 005, float, 1024
004, 007, 006, double, 2032
004, 007, 006, float, 1040
004, 007, 007, double, 2080
004, 007, 007, float, 1056
004, 007, 008, double, 2112
004, 007, 008, float, 1072
004, 008, 001, double, 2160
004, 008, 001, float, 1104
004, 008, 002, double, 2192
004, 008, 002, float, 1120
004, 008, 003, double, 2240
004, 008, 003, float, 1136
004, 008, 004, double, 2272
004, 008, 004, float, 1152
004, 008, 005, double, 2320
004, 008, 005, float, 1184
004, 008, 006, double, 2352
004, 008, 006, float, 1200
004, 008, 007, double, 2400
004, 008, 007, float, 1216
004, 008, 008, double, 2432
004, 008, 008, float, 1232
005, 001, 001, double, 824
005, 001, 001, float, 420
005, 001, 002, double, 880
005, 001, 002, float, 444
005, 001, 003, double, 920
005, 001, 003, float, 468
005, 001, 004, double, 976
005, 001, 004, float, 512
005, 001, 005, double, 1016
005, 001, 005, float, 516
005, 001, 006, double, 1072
005, 001, 006, float, 540
005, 001, 007, double, 1112
005, 001, 007, float, 564
005, 001, 008, double, 1168
005, 001, 008, float, 608
005, 002, 001, double, 992
005, 002, 001, float, 512
005, 002, 002, double, 1040
005, 002, 002, float, 528
005, 002, 003, double, 1088
005, 002, 003, float, 560
005, 002, 004, double, 1136
005, 002, 004, float, 576
005, 002, 005, double, 1184
005, 002, 005, float, 608
005, 002, 006, double, 1232
005, 002, 006, float, 624
005, 002, 007, double, 1280
005, 002, 007, float, 656
005, 002, 008, double, 1328
005, 002, 008, float, 672
005, 003, 001, double, 1144
005, 003, 001, float, 580
005, 003, 002, double, 1200
005, 003, 002, float, 604
005, 003, 003, double, 1240
005, 003, 003, float, 628
005, 003, 004, double, 1296
005, 003, 004, float, 656
005, 003, 005, double, 1336
005, 003, 005, float, 676
005, 003, 006, double, 1392
005, 003, 006, float, 700
005, 003, 007, double, 1432
005, 003, 007, float, 724
005, 003, 008, double, 1488
005, 003, 008, float, 752
005, 004, 001, double, 1376
005, 004, 001, float, 704
005, 004, 002, double, 1424
005, 004, 002, float, 736
005, 004, 003, double, 1472
005, 004, 003, float, 752
005, 004, 004, double, 1520
005, 004, 004, float, 784
005, 004, 005, double, 1568
005, 004, 005, float, 800
005, 004, 006, double, 1616
005, 004, 006, float, 832
005, 004, 007, double, 1664
005, 004, 007, float, 848
005, 004, 008, double, 1712
005, 004, 008, float, 880
005, 005, 001, double, 1592
005, 005, 001, float, 804
005, 005, 002, double, 1648
005, 005, 002, float, 828
005, 005, 003, double, 1688
005, 005, 003, float, 852
005, 005, 004, double, 1744
005, 005, 004, float, 896
005, 005, 005, double, 1784
005, 005, 005, float, 900
005, 005, 006, double, 1840
005, 005, 006, float, 924
005, 005, 007, double, 1880
005, 005, 007, float, 948
005, 005, 008, double, 1936
005, 005, 008, float, 992
005, 006, 001, double, 1888
005, 006, 001, float, 960
005, 006, 002, double, 1936
005, 006, 002, float, 976
005, 006, 003, double, 1984
005, 006, 003, float, 1008
005, 006, 004, double, 2032
005, 006, 004, float, 1024
005, 006, 005, double, 2080
005, 006, 005, float, 1056
005, 006, 006, double, 2128
005, 006, 006, float, 1072
005, 006, 007, double, 2176
005, 006, 007, float, 1104
005, 006, 008, double, 2224
005, 006, 008, float, 1120
005, 007, 001, double, 2168
005, 007, 001, float, 1092
005, 007, 002, double, 2224
005, 007, 002, float, 1116
005, 007, 003, double, 2264
005, 007, 003, float, 1140
005, 007, 004, double, 2320
005, 007, 004, float, 1168
005, 007, 005, double, 2360
005, 007, 005, float, 1188
005, 007, 006, double, 2416
005, 007, 006, float, 1212
005, 007, 007, double, 2456
005, 007, 007, float, 1236
005, 007, 008, double, 2512
005, 007, 008, float, 1264
005, 008, 001, double, 2528
005, 008, 001, float, 1280
005, 008, 002, double, 2576
005, 008, 002, float, 1312
005, 008, 003, double, 2624
005, 008, 003, float, 1328
005, 008, 004, double, 2672
005, 008, 004, float, 1360
005, 008, 005, double, 2720
005, 008, 005, float, 1376
005, 008, 006, double, 2768
005, 008, 006, float, 1408
005, 008, 007, double, 2816
005, 008, 007, float, 1424
005, 008, 008, double, 2864
005, 008, 008, float, 1456
006, 001, 001, double, 1136
006, 001, 001, float, 592
006, 001, 002, double, 1184
006, 001, 002, float, 608
006, 001, 003, double, 1248
006, 001, 003, float, 640
006, 001, 004, double, 1296
006, 001, 004, float, 672
006, 001, 005, double, 1360
006, 001, 005, float, 704
006, 001, 006, double, 1408
006, 001, 006, float, 720
006, 001, 007, double, 1472
006, 001, 007, float, 752
006, 001, 008, double, 1520
006, 001, 008, float, 784
006, 002, 001, double, 1296
006, 002, 001, float, 672
006, 002, 002, double, 1344
006, 002, 002, float, 704
006, 002, 003, double, 1408
006, 002, 003, float, 736
006, 002, 004, double, 1456
006, 002, 004, float, 752
006, 002, 005, double, 1520
006, 002, 005, float, 784
006, 002, 006, double, 1568
006, 002, 006, float, 816
006, 002, 007, double, 1632
006, 002, 007, float, 848
006, 002, 008, double, 1680
006, 002, 008, float, 864
006, 003, 001, double, 1488
006, 003, 001, float, 768
006, 003, 002, double, 1536
006, 003, 002, float, 784
006, 003, 003, double, 1600
006, 003, 003, float, 816
006, 003, 004, double, 1648
006, 003, 004, float, 848
006, 003, 005, double, 1712
006, 003, 005, float, 880
006, 003, 006, double, 1760
006, 003, 006, float, 896
006, 003, 007, double, 1824
006, 003, 007, float, 928
006, 003, 008, double, 1872
006, 003, 008, float, 960
006, 004, 001, double, 1712
006, 004, 001, float, 880
006, 004, 002, double, 1760
006, 004, 002, float, 912
006, 004, 003, double, 1824
006, 004, 003, float, 944
006, 004, 004, double, 1872
006, 004, 004, float, 960
006, 004, 005, double, 1936
006, 004, 005, float, 992
006, 004, 006, double, 1984
006, 004, 006, float, 1024
006, 004, 007, double, 2048
006, 004, 007, float, 1056
006, 004, 008, double, 2096
006, 004, 008, float, 1072
006, 005, 001, double, 1968
006, 005, 001, float, 1008
006, 005, 002, double, 2016
006, 005, 002, float, 1024
006, 005, 003, double, 2080
006, 005, 003, float, 1056
006, 005, 004, double, 2128
006, 005, 004, float, 1088
006, 005, 005, double, 2192
006, 005, 005, float, 1120
006, 005, 006, double, 2240
006, 005, 006, float, 1136
006, 005, 007, double, 2304
006, 005, 007, float, 1168
006, 005, 008, double, 2352
006, 005, 008, float, 1200
006, 006, 001, double, 2256
006, 006, 001, float, 1152
006, 006, 002, double, 2304
006, 006, 002, float, 1184
006, 006, 003, double, 2368
006, 006, 003, float, 1216
006, 006, 004, double, 2416
006, 006, 004, float, 1232
006, 006, 005, double, 2480
006, 006, 005, float, 1264
006, 006, 006, double, 2528
006, 006, 006, float, 1296
006, 006, 007, double, 2592
006, 006, 007, float, 1328
006, 006, 008, double, 2640
006, 006, 008, float, 1344
006, 007, 001, double, 2576
006, 007, 001, float, 1312
006, 007, 002, double, 2624
006, 007, 002, float, 1328
006, 007, 003, double, 2688
006, 007, 003, float, 1360
006, 007, 004, double, 2736
006, 007, 004, float, 1392
006, 007, 005, double, 2800
006, 007, 005, float, 1424
006, 007, 006, double, 2848
006, 007, 006, float, 1440
006, 007, 007, double, 2912
006, 007, 007, float, 1472
006, 007, 008, double, 2960
006, 007, 008, float, 1504
006, 008, 001, double, 2928
006, 008, 001, float, 1488
006, 008, 002, double, 2976
006, 008, 002, float, 1520
006, 008, 003, double, 3040
006, 008, 003, float, 1552
006, 008, 004, double, 3088
006, 008, 004, float, 1568
006, 008, 005, double, 3152
006, 008, 005, float, 1600
006, 008, 006, double, 3200
006, 008, 006, float, 1632
006, 008, 007, double, 3264
006, 008, 007, float, 1664
006, 008, 008, double, 3312
006, 008, 008, float, 1680
007, 001, 001, double, 1464
007, 001, 001, float, 740
007, 001, 002, double, 1536
007, 001, 002, float, 772
007, 001, 003, double, 1592
007, 001, 003, float, 804
007, 001, 004, double, 1664
007, 001, 004, float, 848
007, 001, 005, double, 1720
007, 001, 005, float, 868
007, 001, 006, double, 1792
007, 001, 006, float, 900
007, 001, 007, double, 1848
007, 001, 007, float, 932
007, 001, 008, double, 1920
007, 001, 008, float, 976
007, 002, 001, double, 1664
007, 002, 001, float, 848
007, 002, 002, double, 1728
007, 002, 002, float, 880
007, 002, 003, double, 1792
007, 002, 003, float, 912
007, 002, 004, double, 1856
007, 002, 004, float, 944
007, 002, 005, double, 1920
007, 002, 005, float, 976
007, 002, 006, double, 1984
007, 002, 006, float, 1008
007, 002, 007, double, 2048
007, 002, 007, float, 1040
007, 002, 008, double, 2112
007, 002, 008, float, 1072
007, 003, 001, double, 1848
007, 003, 001, float, 932
007, 003, 002, double, 1920
007, 003, 002, float, 964
007, 003, 003, double, 1976
007, 003, 003, float, 996
007, 003, 004, double, 2048
007, 003, 004, float, 1040
007, 003, 005, double, 2104
007, 003, 005, float, 1060
007, 003, 006, double, 2176
007, 003, 006, float, 1092
007, 003, 007, double, 2232
007, 003, 007, float, 1124
007, 003, 008, double, 2304
007, 003, 008, float, 1168
007, 004, 001, double, 2112
007, 004, 001, float, 1088
007, 004, 002, double, 2176
007, 004, 002, float, 1120
007, 004, 003, double, 2240
007, 004, 003, float, 1152
007, 004, 004, double, 2304
007, 004, 004, float, 1184
007, 004, 005, double, 2368
007, 004, 005, float, 1216
007, 004, 006, double, 2432
007, 004, 006, float, 1248
007, 004, 007, double, 2496
007, 004, 007, float, 1280
007, 004, 008, double, 2560
007, 004, 008, float, 1312
007, 005, 001, double, 2360
007, 005, 001, float, 1188
007, 005, 002, double, 2432
007, 005, 002, float, 1220
007, 005, 003, double, 2488
007, 005, 003, float, 1252
007, 005, 004, double, 2560
007, 005, 004, float, 1296
007, 005, 005, double, 2616
007, 005, 005, float, 1316
007, 005, 006, double, 2688
007, 005, 006, float, 1348
007, 005, 007, double, 2744
007, 005, 007, float, 1380
007, 005, 008, double, 2816
007, 005, 008, float, 1424
007, 006, 001, double, 2688
007, 006, 001, float, 1360
007, 006, 002, double, 2752
007, 006, 002, float, 1392
007, 006, 003, double, 2816
007, 006, 003, float, 1424
007, 006, 004, double, 2880
007, 006, 004, float, 1456
007, 006, 005, double, 2944
007, 006, 005, float, 1488
007, 006, 006, double, 3008
007, 006, 006, float, 1520
007, 006, 007, double, 3072
007, 006, 007, float, 1552
007, 006, 008, double, 3136
007, 006, 008, float, 1584
007, 007, 001, double, 3000
007, 007, 001, float, 1508
007, 007, 002, double, 3072
007, 007, 002, float, 1540
007, 007, 003, double, 3128
007, 007, 003, float, 1572
007, 007, 004, double, 3200
007, 007, 004, float, 1616
007, 007, 005, double, 3256
007, 007, 005, float, 1636
007, 007, 006, double, 3328
007, 007, 006, float, 1668
007, 007, 007, double, 3384
007, 007, 007, float, 1700
007, 007, 008, double, 3456
007, 007, 008, float, 1744
007, 008, 001, double, 3392
007, 008, 001, float, 1728
007, 008, 002, double, 3456
007, 008, 002, float, 1760
007, 008, 003, double, 3520
007, 008, 003, float, 1792
007, 008, 004, double, 3584
007, 008, 004, float, 1824
007, 008, 005, double, 3648
007, 008, 005, float, 1856
007, 008, 006, double, 3712
007, 008, 006, float, 1888
007, 008, 007, double, 3776
007, 008, 007, float, 1920
007, 008, 008, double, 3840
007, 008, 008, float, 1952
008, 001, 001, double, 1872
008, 001, 001, float, 960
008, 001, 002, double, 1936
008, 001, 002, float, 992
008, 001, 003, double, 2016
008, 001, 003, float, 1024
008, 001, 004, double, 2080
008, 001, 004, float, 1056
008, 001, 005, double, 2160
008, 001, 005, float, 1104
008, 001, 006, double, 2224
008, 001, 006, float, 1136
008, 001, 007, double, 2304
008, 001, 007, float, 1168
008, 001, 008, double, 2368
008, 001, 008, float, 1200
008, 002, 001, double, 2064
008, 002, 001, float, 1056
008, 002, 002, double, 2128
008, 002, 002, float, 1088
008, 002, 003, double, 2208
008, 002, 003, float, 1120
008, 002, 004, double, 2272
008, 002, 004, float, 1152
008, 002, 005, double, 2352
008, 002, 005, float, 1200
008, 002, 006, double, 2416
008, 002, 006, float, 1232
008, 002, 007, double, 2496
008, 002, 007, float, 1264
008, 002, 008, double, 2560
008, 002, 008, float, 1296
008, 003, 001, double, 2288
008, 003, 001, float, 1168
008, 003, 002, double, 2352
008, 003, 002, float, 1200
008, 003, 003, double, 2432
008, 003, 003, float, 1232
008, 003, 004, double, 2496
008, 003, 004, float, 1264
008, 003, 005, double, 2576
008, 003, 005, float, 1312
008, 003, 006, double, 2640
008, 003, 006, float, 1344
008, 003, 007, double, 2720
008, 003, 007, float, 1376
008, 003, 008, double, 2784
008, 003, 008, float, 1408
008, 004, 001, double, 2544
008, 004, 001, float, 1296
008, 004, 002, double, 2608
008, 004, 002, float, 1328
008, 004, 003, double, 2688
008, 004, 003, float, 1360
008, 004, 004, double, 2752
008, 004, 004, float, 1392
008, 004, 005, double, 2832
008, 004, 005, float, 1440
008, 004, 006, double, 2896
008, 004, 006, float, 1472
008, 004, 007, double, 2976
008, 004, 007, float, 1504
008, 004, 008, double, 3040
008, 004, 008, float, 1536
008, 005, 001, double, 2832
008, 005, 001, float, 1440
008, 005, 002, double, 2896
008, 005, 002, float, 1472
008, 005, 003, double, 2976
008, 005, 003, float, 1504
008, 005, 004, double, 3040
008, 005, 004, float, 1536
008, 005, 005, double, 3120
008, 005, 005, float, 1584
008, 005, 006, double, 3184
008, 005, 006, float, 1616
008, 005, 007, double, 3264
008, 005, 007, float, 1648
008, 005, 008, double, 3328
008, 005, 008, float, 1680
008, 006, 001, double, 3152
008, 006, 001, float, 1600
008, 006, 002, double, 3216
008, 006, 002, float, 1632
008, 006, 003, double, 3296
008, 006, 003, float, 1664
008, 006, 004, double, 3360
008, 006, 004, float, 1696
008, 006, 005, double, 3440
008, 006, 005, float, 1744
008, 006, 006, double, 3504
008, 006, 006, float, 1776
008, 006, 007, double, 3584
008, 006, 007, float, 1808
008, 006, 008, double, 3648
008, 006, 008, float, 1840
008, 007, 001, double, 3504
008, 007, 001, float, 1776
008, 007, 002, double, 3568
008, 007, 002, float, 1808
008, 007, 003, double, 3648
008, 007, 003, float, 1840
008, 007, 004, double, 3712
008, 007, 004, float, 1872
008, 007, 005, double, 3792
008, 007, 005, float, 1920
008, 007, 006, double, 3856
008, 007, 006, float, 1952
008, 007, 007, double, 3936
008, 007, 007, float, 1984
008, 007, 008, double, 4000
008, 007, 008, float, 2016
008, 008, 001, double, 3888
008, 008, 001, float, 1968
008, 008, 002, double, 3952
008, 008, 002, float, 2000
008, 008, 003, double, 4032
008, 008, 003, float, 2032
008, 008, 004, double, 4096
008, 008, 004, float, 2064
008, 008, 005, double, 4176
008, 008, 005, float, 2112
008, 008, 006, double, 4240
008, 008, 006, float, 2144
008, 008, 007, double, 4320
008, 008, 007, float, 2176
008, 008, 008, double, 4384
008, 008, 008, float, 2208
025, 025, 025, double, 40824
025, 025, 025, float, 20420
025, 025, 026, double, 41040
025, 025, 026, float, 20524
025, 025, 027, double, 41240
025, 025, 027, float, 20628
025, 025, 028, double, 41456
025, 025, 028, float, 20752
025, 025, 029, double, 41656
025, 025, 029, float, 20836
025, 025, 030, double, 41872
025, 025, 030, float, 20940
025, 025, 031, double, 42072
025, 025, 031, float, 21044
025, 025, 032, double, 42288
025, 025, 032, float, 21168
025, 026, 025, double, 42080
025, 026, 025, float, 21056
025, 026, 026, double, 42288
025, 026, 026, float, 21152
025, 026, 027, double, 42496
025, 026, 027, float, 21264
025, 026, 028, double, 42704
025, 026, 028, float, 21360
025, 026, 029, double, 42912
025, 026, 029, float, 21472
025, 026, 030, double, 43120
025, 026, 030, float, 21568
025, 026, 031, double, 43328
025, 026, 031, float, 21680
025, 026, 032, double, 43536
025, 026, 032, float, 21776
025, 027, 025, double, 43320
025, 027, 025, float, 21668
025, 027, 026, double, 43536
025, 027, 026, float, 21772
025, 027, 027, double, 43736
025, 027, 027, float, 21876
025, 027, 028, double, 43952
025, 027, 028, float, 21984
025, 027, 029, double, 44152
025, 027, 029, float, 22084
025, 027, 030, double, 44368
025, 027, 030, float, 22188
025, 027, 031, double, 44568
025, 027, 031, float, 22292
025, 027, 032, double, 44784
025, 027, 032, float, 22400
025, 028, 025, double, 44640
025, 028, 025, float, 22336
025, 028, 026, double, 44848
025, 028, 026, float, 22448
025, 028, 027, double, 45056
025, 028, 027, float, 22544
025, 028, 028, double, 45264
025, 028, 028, float, 22656
025, 028, 029, double, 45472
025, 028, 029, float, 22752
025, 028, 030, double, 45680
025, 028, 030, float, 22864
025, 028, 031, double, 45888
025, 028, 031, float, 22960
025, 028, 032, double, 46096
025, 028, 032, float, 23072
025, 029, 025, double, 45944
025, 029, 025, float, 22980
025, 029, 026, double, 46160
025, 029, 026, float, 23084
025, 029, 027, double, 46360
025, 029, 027, float, 23188
025, 029, 028, double, 46576
025, 029, 028, float, 23312
025, 029, 029, double, 46776
025, 029, 029, float, 23396
025, 029, 030, double, 46992
025, 029, 030, float, 23500
025, 029, 031, double, 47192
025, 029, 031, float, 23604
025, 029, 032, double, 47408
025, 029, 032, float, 23728
025, 030, 025, double, 47328
025, 030, 025, float, 23680
025, 030, 026, double, 47536
025, 030, 026, float, 23776
025, 030, 027, double, 47744
025, 030, 027, float, 23888
025, 030, 028, double, 47952
025, 030, 028, float, 23984
025, 030, 029, double, 48160
025, 030, 029, float, 24096
025, 030, 030, double, 48368
025, 030, 030, float, 24192
025, 030, 031, double, 48576
025, 030, 031, float, 24304
025, 030, 032, double, 48784
025, 030, 032, float, 24400
025, 031, 025, double, 48696
025, 031, 025, float, 24356
025, 031, 026, double, 48912
025, 031, 026, float, 24460
025, 031, 027, double, 49112
025, 031, 027, float, 24564
025, 031, 028, double, 49328
025, 031, 028, float, 24672
025, 031, 029, double, 49528
025, 031, 029, float, 24772
025, 031, 030, double, 49744
025, 031, 030, float, 24876
025, 031, 031, double, 49944
025, 031, 031, float, 24980
025, 031, 032, double, 50160
025, 031, 032, float, 25088
025, 032, 025, double, 50144
025, 032, 025, float, 25088
025, 032, 026, double, 50352
025, 032, 026, float, 25200
025, 032, 027, double, 50560
025, 032, 027, float, 25296
025, 032, 028, double, 50768
025, 032, 028, float, 25408
025, 032, 029, double, 50976
025, 032, 029, float, 25504
025, 032, 030, double, 51184
025, 032, 030, float, 25616
025, 032, 031, double, 51392
025, 032, 031, float, 25712
025, 032, 032, double, 51600
025, 032, 032, float, 25824
026, 025, 025, double, 42672
026, 025, 025, float, 21360
026, 025, 026, double, 42880
026, 025, 026, float, 21456
026, 025, 027, double, 43104
026, 025, 027, float, 21568
026, 025, 028, double, 43312
026, 025, 028, float, 21680
026, 025, 029, double, 43536
026, 025, 029, float, 21792
026, 025, 030, double, 43744
026, 025, 030, float, 21888
026, 025, 031, double, 43968
026, 025, 031, float, 22000
026, 025, 032, double, 44176
026, 025, 032, float, 22112
026, 026, 025, double, 43920
026, 026, 025, float, 21984
026, 026, 026, double, 44128
026, 026, 026, float, 22096
026, 026, 027, double, 44352
026, 026, 027, float, 22208
026, 026, 028, double, 44560
026, 026, 028, float, 22304
026, 026, 029, double, 44784
026, 026, 029, float, 22416
026, 026, 030, double, 44992
026, 026, 030, float, 22528
026, 026, 031, double, 45216
026, 026, 031, float, 22640
026, 026, 032, double, 45424
026, 026, 032, float, 22736
026, 027, 025, double, 45200
026, 027, 025, float, 22624
026, 027, 026, double, 45408
026, 027, 026, float, 22720
026, 027, 027, double, 45632
026, 027, 027, float, 22832
026, 027, 028, double, 45840
026, 027, 028, float, 22944
026, 027, 029, double, 46064
026, 027, 029, float, 23056
026, 027, 030, double, 46272
026, 027, 030, float, 23152
026, 027, 031, double, 46496
026, 027, 031, float, 23264
026, 027, 032, double, 46704
026, 027, 032, float, 23376
026, 028, 025, double, 46512
026, 028, 025, float, 23280
026, 028, 026, double, 46720
026, 028, 026, float, 23392
026, 028, 027, double, 46944
026, 028, 027, float, 23504
026, 028, 028, double, 47152
026, 028, 028, float, 23600
026, 028, 029, double, 47376
026, 028, 029, float, 23712
026, 028, 030, double, 47584
026, 028, 030, float, 23824
026, 028, 031, double, 47808
026, 028, 031, float, 23936
026, 028, 032, double, 48016
026, 028, 032, float, 24032
026, 029, 025, double, 47856
026, 029, 025, float, 23952
026, 029, 026, double, 48064
026, 029, 026, float, 24048
026, 029, 027, double, 48288
026, 029, 027, float, 24160
026, 029, 028, double, 48496
026, 029, 028, float, 24272
026, 029, 029, double, 48720
026, 029, 029, float, 24384
026, 029, 030, double, 48928
026, 029, 030, float, 24480
026, 029, 031, double, 49152
026, 029, 031, float, 24592
026, 029, 032, double, 49360
026, 029, 032, float, 24704
026, 030, 025, double, 49232
026, 030, 025, float, 24640
026, 030, 026, double, 49440
026, 030, 026, float, 24752
026, 030, 027, double, 49664
026, 030, 027, float, 24864
026, 030, 028, double, 49872
026, 030, 028, float, 24960
026, 030, 029, double, 50096
026, 030, 029, float, 25072
026, 030, 030, double, 50304
026, 030, 030, float, 25184
026, 030, 031, double, 50528
026, 030, 031, float, 25296
026, 030, 032, double, 50736
026, 030, 032, float, 25392
026, 031, 025, double, 50640
026, 031, 025, float, 25344
026, 031, 026, double, 50848
026, 031, 026, float, 25440
026, 031, 027, double, 51072
026, 031, 027, float, 25552
026, 031, 028, double, 51280
026, 031, 028, float, 25664
026, 031, 029, double, 51504
026, 031, 029, float, 25776
026, 031, 030, double, 51712
026, 031, 030, float, 25872
026, 031, 031, double, 51936
026, 031, 031, float, 25984
026, 031, 032, double, 52144
026, 031, 032, float, 26096
026, 032, 025, double, 52080
026, 032, 025, float, 26064
026, 032, 026, double, 52288
026, 032, 026, float, 26176
026, 032, 027, double, 52512
026, 032, 027, float, 26288
026, 032, 028, double, 52720
026, 032, 028, float, 26384
026, 032, 029, double, 52944
026, 032, 029, float, 26496
026, 032, 030, double, 53152
026, 032, 030, float, 26608
026, 032, 031, double, 53376
026, 032, 031, float, 26720
026, 032, 032, double, 53584
026, 032, 032, float, 26816
027, 025, 025, double, 44536
027, 025, 025, float, 22276
027, 025, 026, double, 44768
027, 025, 026, float, 22388
027, 025, 027, double, 44984
027, 025, 027, float, 22500
027, 025, 028, double, 45216
027, 025, 028, float, 22624
027, 025, 029, double, 45432
027, 025, 029, float, 22724
027, 025, 030, double, 45664
027, 025, 030, float, 22836
027, 025, 031, double, 45880
027, 025, 031, float, 22948
027, 025, 032, double, 46112
027, 025, 032, float, 23072
027, 026, 025, double, 45824
027, 026, 025, float, 22928
027, 026, 026, double, 46048
027, 026, 026, float, 23040
027, 026, 027, double, 46272
027, 026, 027, float, 23152
027, 026, 028, double, 46496
027, 026, 028, float, 23264
027, 026, 029, double, 46720
027, 026, 029, float, 23376
027, 026, 030, double, 46944
027, 026, 030, float, 23488
027, 026, 031, double, 47168
027, 026, 031, float, 23600
027, 026, 032, double, 47392
027, 026, 032, float, 23712
027, 027, 025, double, 47096
027, 027, 025, float, 23556
027, 027, 026, double, 47328
027, 027, 026, float, 23668
027, 027, 027, double, 47544
027, 027, 027, float, 23780
027, 027, 028, double, 47776
027, 027, 028, float, 23904
027, 027, 029, double, 47992
027, 027, 029, float, 24004
027, 027, 030, double, 48224
027, 027, 030, float, 24116
027, 027, 031, double, 48440
027, 027, 031, float, 24228
027, 027, 032, double, 48672
027, 027, 032, float, 24352
027, 028, 025, double, 48448
027, 028, 025, float, 24256
027, 028, 026, double, 48672
027, 028, 026, float, 24368
027, 028, 027, double, 48896
027, 028, 027, float, 24480
027, 028, 028, double, 49120
027, 028, 028, float, 24592
027, 028, 029, double, 49344
027, 028, 029, float, 24704
027, 028, 030, double, 49568
027, 028, 030, float, 24816
027, 028, 031, double, 49792
027, 028, 031, float, 24928
027, 028, 032, double, 50016
027, 028, 032, float, 25040
027, 029, 025, double, 49784
027, 029, 025, float, 24900
027, 029, 026, double, 50016
027, 029, 026, float, 25012
027, 029, 027, double, 50232
027, 029, 027, float, 25124
027, 029, 028, double, 50464
027, 029, 028, float, 25248
027, 029, 029, double, 50680
027, 029, 029, float, 25348
027, 029, 030, double, 50912
027, 029, 030, float, 25460
027, 029, 031, double, 51128
027, 029, 031, float, 25572
027, 029, 032, double, 51360
027, 029, 032, float, 25696
027, 030, 025, double, 51200
027, 030, 025, float, 25616
027, 030, 026, double, 51424
027, 030, 026, float, 25728
027, 030, 027, double, 51648
027, 030, 027, float, 25840
027, 030, 028, double, 51872
027, 030, 028, float, 25952
027, 030, 029, double, 52096
027, 030, 029, float, 26064
027, 030, 030, double, 52320
027, 030, 030, float, 26176
027, 030, 031, double, 52544
027, 030, 031, float, 26288
027, 030, 032, double, 52768
027, 030, 032, float, 26400
027, 031, 025, double, 52600
027, 031, 025, float, 26308
027, 031, 026, double, 52832
027, 031, 026, float, 26420
027, 031, 027, double, 53048
027, 031, 027, float, 26532
027, 031, 028, double, 53280
027, 031, 028, float, 26656
027, 031, 029, double, 53496
027, 031, 029, float, 26756
027, 031, 030, double, 53728
027, 031, 030, float, 26868
027, 031, 031, double, 53944
027, 031, 031, float, 26980
027, 031, 032, double, 54176
027, 031, 032, float, 27104
027, 032, 025, double, 54080
027, 032, 025, float, 27072
027, 032, 026, double, 54304
027, 032, 026, float, 27184
027, 032, 027, double, 54528
027, 032, 027, float, 27296
027, 032, 028, double, 54752
027, 032, 028, float, 27408
027, 032, 029, double, 54976
027, 032, 029, float, 27520
027, 032, 030, double, 55200
027, 032, 030, float, 27632
027, 032, 031, double, 55424
027, 032, 031, float, 27744
027, 032, 032, double, 55648
027, 032, 032, float, 27856
028, 025, 025, double, 46480
028, 025, 025, float, 23264
028, 025, 026, double, 46704
028, 025, 026, float, 23376
028, 025, 027, double, 46944
028, 025, 027, float, 23488
028, 025, 028, double, 47168
028, 025, 028, float, 23600
028, 025, 029, double, 47408
028, 025, 029, float, 23728
028, 025, 030, double, 47632
028, 025, 030, float, 23840
028, 025, 031, double, 47872
028, 025, 031, float, 23952
028, 025, 032, double, 48096
028, 025, 032, float, 24064
028, 026, 025, double, 47760
028, 026, 025, float, 23904
028, 026, 026, double, 47984
028, 026, 026, float, 24016
028, 026, 027, double, 48224
028, 026, 027, float, 24128
028, 026, 028, double, 48448
028, 026, 028, float, 24240
028, 026, 029, double, 48688
028, 026, 029, float, 24368
028, 026, 030, double, 48912
028, 026, 030, float, 24480
028, 026, 031, double, 49152
028, 026, 031, float, 24592
028, 026, 032, double, 49376
028, 026, 032, float, 24704
028, 027, 025, double, 49072
028, 027, 025, float, 24560
028, 027, 026, double, 49296
028, 027, 026, float, 24672
028, 027, 027, double, 49536
028, 027, 027, float, 24784
028, 027, 028, double, 49760
028, 027, 028, float, 24896
028, 027, 029, double, 50000
028, 027, 029, float, 25024
028, 027, 030, double, 50224
028, 027, 030, float, 25136
028, 027, 031, double, 50464
028, 027, 031, float, 25248
028, 027, 032, double, 50688
028, 027, 032, float, 25360
028, 028, 025, double, 50416
028, 028, 025, float, 25232
028, 028, 026, double, 50640
028, 028, 026, float, 25344
028, 028, 027, double, 50880
028, 028, 027, float, 25456
028, 028, 028, double, 51104
028, 028, 028, float, 25568
028, 028, 029, double, 51344
028, 028, 029, float, 25696
028, 028, 030, double, 51568
028, 028, 030, float, 25808
028, 028, 031, double, 51808
028, 028, 031, float, 25920
028, 028, 032, double, 52032
028, 028, 032, float, 26032
028, 029, 025, double, 51792
028, 029, 025, float, 25920
028, 029, 026, double, 52016
028, 029, 026, float, 26032
028, 029, 027, double, 52256
028, 029, 027, float, 26144
028, 029, 028, double, 52480
028, 029, 028, float, 26256
028, 029, 029, double, 52720
028, 029, 029, float, 26384
028, 029, 030, double, 52944
028, 029, 030, float, 26496
028, 029, 031, double, 53184
028, 029, 031, float, 26608
028, 029, 032, double, 53408
028, 029, 032, float, 26720
028, 030, 025, double, 53200
028, 030, 025, float, 26624
028, 030, 026, double, 53424
028, 030, 026, float, 26736
028, 030, 027, double, 53664
028, 030, 027, float, 26848
028, 030, 028, double, 53888
028, 030, 028, float, 26960
028, 030, 029, double, 54128
028, 030, 029, float, 27088
028, 030, 030, double, 54352
028, 030, 030, float, 27200
028, 030, 031, double, 54592
028, 030, 031, float, 27312
028, 030, 032, double, 54816
028, 030, 032, float, 27424
028, 031, 025, double, 54640
028, 031, 025, float, 27344
028, 031, 026, double, 54864
028, 031, 026, float, 27456
028, 031, 027, double, 55104
028, 031, 027, float, 27568
028, 031, 028, double, 55328
028, 031, 028, float, 27680
028, 031, 029, double, 55568
028, 031, 029, float, 27808
028, 031, 030, double, 55792
028, 031, 030, float, 27920
028, 031, 031, double, 56032
028, 031, 031, float, 28032
028, 031, 032, double, 56256
028, 031, 032, float, 28144
028, 032, 025, double, 56112
028, 032, 025, float, 28080
028, 032, 026, double, 56336
028, 032, 026, float, 28192
028, 032, 027, double, 56576
028, 032, 027, float, 28304
028, 032, 028, double, 56800
028, 032, 028, float, 28416
028, 032, 029, double, 57040
028, 032, 029, float, 28544
028, 032, 030, double, 57264
028, 032, 030, float, 28656
028, 032, 031, double, 57504
028, 032, 031, float, 28768
028, 032, 032, double, 57728
028, 032, 032, float, 28880
029, 025, 025, double, 48440
029, 025, 025, float, 24228
029, 025, 026, double, 48688
029, 025, 026, float, 24348
029, 025, 027, double, 48920
029, 025, 027, float, 24468
029, 025, 028, double, 49168
029, 025, 028, float, 24608
029, 025, 029, double, 49400
029, 025, 029, float, 24708
029, 025, 030, double, 49648
029, 025, 030, float, 24828
029, 025, 031, double, 49880
029, 025, 031, float, 24948
029, 025, 032, double, 50128
029, 025, 032, float, 25088
029, 026, 025, double, 49760
029, 026, 025, float, 24896
029, 026, 026, double, 50000
029, 026, 026, float, 25008
029, 026, 027, double, 50240
029, 026, 027, float, 25136
029, 026, 028, double, 50480
029, 026, 028, float, 25248
029, 026, 029, double, 50720
029, 026, 029, float, 25376
029, 026, 030, double, 50960
029, 026, 030, float, 25488
029, 026, 031, double, 51200
029, 026, 031, float, 25616
029, 026, 032, double, 51440
029, 026, 032, float, 25728
029, 027, 025, double, 51064
029, 027, 025, float, 25540
029, 027, 026, double, 51312
029, 027, 026, float, 25660
029, 027, 027, double, 51544
029, 027, 027, float, 25780
029, 027, 028, double, 51792
029, 027, 028, float, 25904
029, 027, 029, double, 52024
029, 027, 029, float, 26020
029, 027, 030, double, 52272
029, 027, 030, float, 26140
029, 027, 031, double, 52504
029, 027, 031, float, 26260
029, 027, 032, double, 52752
029, 027, 032, float, 26384
029, 028, 025, double, 52448
029, 028, 025, float, 26240
029, 028, 026, double, 52688
029, 028, 026, float, 26368
029, 028, 027, double, 52928
029, 028, 027, float, 26480
029, 028, 028, double, 53168
029, 028, 028, float, 26608
029, 028, 029, double, 53408
029, 028, 029, float, 26720
029, 028, 030, double, 53648
029, 028, 030, float, 26848
029, 028, 031, double, 53888
029, 028, 031, float, 26960
029, 028, 032, double, 54128
029, 028, 032, float, 27088
029, 029, 025, double, 53816
029, 029, 025, float, 26916
029, 029, 026, double, 54064
029, 029, 026, float, 27036
029, 029, 027, double, 54296
029, 029, 027, float, 27156
029, 029, 028, double, 54544
029, 029, 028, float, 27296
029, 029, 029, double, 54776
029, 029, 029, float, 27396
029, 029, 030, double, 55024
029, 029, 030, float, 27516
029, 029, 031, double, 55256
029, 029, 031, float, 27636
029, 029, 032, double, 55504
029, 029, 032, float, 27776
029, 030, 025, double, 55264
029, 030, 025, float, 27648
029, 030, 026, double, 55504
029, 030, 026, float, 27760
029, 030, 027, double, 55744
029, 030, 027, float, 27888
029, 030, 028, double, 55984
029, 030, 028, float, 28000
029, 030, 029, double, 56224
029, 030, 029, float, 28128
029, 030, 030, double, 56464
029, 030, 030, float, 28240
029, 030, 031, double, 56704
029, 030, 031, float, 28368
029, 030, 032, double, 56944
029, 030, 032, float, 28480
029, 031, 025, double, 56696
029, 031, 025, float, 28356
029, 031, 026, double, 56944
029, 031, 026, float, 28476
029, 031, 027, double, 57176
029, 031, 027, float, 28596
029, 031, 028, double, 57424
029, 031, 028, float, 28720
029, 031, 029, double, 57656
029, 031, 029, float, 28836
029, 031, 030, double, 57904
029, 031, 030, float, 28956
029, 031, 031, double, 58136
029, 031, 031, float, 29076
029, 031, 032, double, 58384
029, 031, 032, float, 29200
029, 032, 025, double, 58208
029, 032, 025, float, 29120
029, 032, 026, double, 58448
029, 032, 026, float, 29248
029, 032, 027, double, 58688
029, 032, 027, float, 29360
029, 032, 028, double, 58928
029, 032, 028, float, 29488
029, 032, 029, double, 59168
029, 032, 029, float, 29600
029, 032, 030, double, 59408
029, 032, 030, float, 29728
029, 032, 031, double, 59648
029, 032, 031, float, 29840
029, 032, 032, double, 59888
029, 032, 032, float, 29968
030, 025, 025, double, 50480
030, 025, 025, float, 25264
030, 025, 026, double, 50720
030, 025, 026, float, 25376
030, 025, 027, double, 50976
030, 025, 027, float, 25504
030, 025, 028, double, 51216
030, 025, 028, float, 25632
030, 025, 029, double, 51472
030, 025, 029, float, 25760
030, 025, 030, double, 51712
030, 025, 030, float, 25872
030, 025, 031, double, 51968
030, 025, 031, float, 26000
030, 025, 032, double, 52208
030, 025, 032, float, 26128
030, 026, 025, double, 51792
030, 026, 025, float, 25920
030, 026, 026, double, 52032
030, 026, 026, float, 26048
030, 026, 027, double, 52288
030, 026, 027, float, 26176
030, 026, 028, double, 52528
030, 026, 028, float, 26288
030, 026, 029, double, 52784
030, 026, 029, float, 26416
030, 026, 030, double, 53024
030, 026, 030, float, 26544
030, 026, 031, double, 53280
030, 026, 031, float, 26672
030, 026, 032, double, 53520
030, 026, 032, float, 26784
030, 027, 025, double, 53136
030, 027, 025, float, 26592
030, 027, 026, double, 53376
030, 027, 026, float, 26704
030, 027, 027, double, 53632
030, 027, 027, float, 26832
030, 027, 028, double, 53872
030, 027, 028, float, 26960
030, 027, 029, double, 54128
030, 027, 029, float, 27088
030, 027, 030, double, 54368
030, 027, 030, float, 27200
030, 027, 031, double, 54624
030, 027, 031, float, 27328
030, 027, 032, double, 54864
030, 027, 032, float, 27456
030, 028, 025, double, 54512
030, 028, 025, float, 27280
030, 028, 026, double, 54752
030, 028, 026, float, 27408
030, 028, 027, double, 55008
030, 028, 027, float, 27536
030, 028, 028, double, 55248
030, 028, 028, float, 27648
030, 028, 029, double, 55504
030, 028, 029, float, 27776
030, 028, 030, double, 55744
030, 028, 030, float, 27904
030, 028, 031, double, 56000
030, 028, 031, float, 28032
030, 028, 032, double, 56240
030, 028, 032, float, 28144
030, 029, 025, double, 55920
030, 029, 025, float, 27984
030, 029, 026, double, 56160
030, 029, 026, float, 28096
030, 029, 027, double, 56416
030, 029, 027, float, 28224
030, 029, 028, double, 56656
030, 029, 028, float, 28352
030, 029, 029, double, 56912
030, 029, 029, float, 28480
030, 029, 030, double, 57152
030, 029, 030, float, 28592
030, 029, 031, double, 57408
030, 029, 031, float, 28720
030, 029, 032, double, 57648
030, 029, 032, float, 28848
030, 030, 025, double, 57360
030, 030, 025, float, 28704
030, 030, 026, double, 57600
030, 030, 026, float, 28832
030, 030, 027, double, 57856
030, 030, 027, float, 28960
030, 030, 028, double, 58096
030, 030, 028, float, 29072
030, 030, 029, double, 58352
030, 030, 029, float, 29200
030, 030, 030, double, 58592
030, 030, 030, float, 29328
030, 030, 031, double, 58848
030, 030, 031, float, 29456
030, 030, 032, double, 59088
030, 030, 032, float, 29568
030, 031, 025, double, 58832
030, 031, 025, float, 29440
030, 031, 026, double, 59072
030, 031, 026, float, 29552
030, 031, 027, double, 59328
030, 031, 027, float, 29680
030, 031, 028, double, 59568
030, 031, 028, float, 29808
030, 031, 029, double, 59824
030, 031, 029, float, 29936
030, 031, 030, double, 60064
030, 031, 030, float, 30048
030, 031, 031, double, 60320
030, 031, 031, float, 30176
030, 031, 032, double, 60560
030, 031, 032, float, 30304
030, 032, 025, double, 60336
030, 032, 025, float, 30192
030, 032, 026, double, 60576
030, 032, 026, float, 30320
030, 032, 027, double, 60832
030, 032, 027, float, 30448
030, 032, 028, double, 61072
030, 032, 028, float, 30560
030, 032, 029, double, 61328
030, 032, 029, float, 30688
030, 032, 030, double, 61568
030, 032, 030, float, 30816
030, 032, 031, double, 61824
030, 032, 031, float, 30944
030, 032, 032, double, 62064
030, 032, 032, float, 31056
031, 025, 025, double, 52536
031, 025, 025, float, 26276
031, 025, 026, double, 52800
031, 025, 026, float, 26404
031, 025, 027, double, 53048
031, 025, 027, float, 26532
031, 025, 028, double, 53312
031, 025, 028, float, 26672
031, 025, 029, double, 53560
031, 025, 029, float, 26788
031, 025, 030, double, 53824
031, 025, 030, float, 26916
031, 025, 031, double, 54072
031, 025, 031, float, 27044
031, 025, 032, double, 54336
031, 025, 032, float, 27184
031, 026, 025, double, 53888
031, 026, 025, float, 26960
031, 026, 026, double, 54144
031, 026, 026, float, 27088
031, 026, 027, double, 54400
031, 026, 027, float, 27216
031, 026, 028, double, 54656
031, 026, 028, float, 27344
031, 026, 029, double, 54912
031, 026, 029, float, 27472
031, 026, 030, double, 55168
031, 026, 030, float, 27600
031, 026, 031, double, 55424
031, 026, 031, float, 27728
031, 026, 032, double, 55680
031, 026, 032, float, 27856
031, 027, 025, double, 55224
031, 027, 025, float, 27620
031, 027, 026, double, 55488
031, 027, 026, float, 27748
031, 027, 027, double, 55736
031, 027, 027, float, 27876
031, 027, 028, double, 56000
031, 027, 028, float, 28016
031, 027, 029, double, 56248
031, 027, 029, float, 28132
031, 027, 030, double, 56512
031, 027, 030, float, 28260
031, 027, 031, double, 56760
031, 027, 031, float, 28388
031, 027, 032, double, 57024
031, 027, 032, float, 28528
031, 028, 025, double, 56640
031, 028, 025, float, 28352
031, 028, 026, double, 56896
031, 028, 026, float, 28480
031, 028, 027, double, 57152
031, 028, 027, float, 28608
031, 028, 028, double, 57408
031, 028, 028, float, 28736
031, 028, 029, double, 57664
031, 028, 029, float, 28864
031, 028, 030, double, 57920
031, 028, 030, float, 28992
031, 028, 031, double, 58176
031, 028, 031, float, 29120
031, 028, 032, double, 58432
031, 028, 032, float, 29248
031, 029, 025, double, 58040
031, 029, 025, float, 29028
031, 029, 026, double, 58304
031, 029, 026, float, 29156
031, 029, 027, double, 58552
031, 029, 027, float, 29284
031, 029, 028, double, 58816
031, 029, 028, float, 29424
031, 029, 029, double, 59064
031, 029, 029, float, 29540
031, 029, 030, double, 59328
031, 029, 030, float, 29668
031, 029, 031, double, 59576
031, 029, 031, float, 29796
031, 029, 032, double, 59840
031, 029, 032, float, 29936
031, 030, 025, double, 59520
031, 030, 025, float, 29776
031, 030, 026, double, 59776
031, 030, 026, float, 29904
031, 030, 027, double, 60032
031, 030, 027, float, 30032
031, 030, 028, double, 60288
031, 030, 028, float, 30160
031, 030, 029, double, 60544
031, 030, 029, float, 30288
031, 030, 030, double, 60800
031, 030, 030, float, 30416
031, 030, 031, double, 61056
031, 030, 031, float, 30544
031, 030, 032, double, 61312
031, 030, 032, float, 30672
031, 031, 025, double, 60984
031, 031, 025, float, 30500
031, 031, 026, double, 61248
031, 031, 026, float, 30628
031, 031, 027, double, 61496
031, 031, 027, float, 30756
031, 031, 028, double, 61760
031, 031, 028, float, 30896
031, 031, 029, double, 62008
031, 031, 029, float, 31012
031, 031, 030, double, 62272
031, 031, 030, float, 31140
031, 031, 031, double, 62520
031, 031, 031, float, 31268
031, 031, 032, double, 62784
031, 031, 032, float, 31408
031, 032, 025, double, 62528
031, 032, 025, float, 31296
031, 032, 026, double, 62784
031, 032, 026, float, 31424
031, 032, 027, double, 63040
031, 032, 027, float, 31552
031, 032, 028, double, 63296
031, 032, 028, float, 31680
031, 032, 029, double, 63552
031, 032, 029, float, 31808
031, 032, 030, double, 63808
031, 032, 030, float, 31936
031, 032, 031, double, 64064
031, 032, 031, float, 32064
031, 032, 032, double, 64320
031, 032, 032, float, 32192
032, 025, 025, double, 54672
032, 025, 025, float, 27360
032, 025, 026, double, 54928
032, 025, 026, float, 27488
032, 025, 027, double, 55200
032, 025, 027, float, 27616
032, 025, 028, double, 55456
032, 025, 028, float, 27744
032, 025, 029, double, 55728
032, 025, 029, float, 27888
032, 025, 030, double, 55984
032, 025, 030, float, 28016
032, 025, 031, double, 56256
032, 025, 031, float, 28144
032, 025, 032, double, 56512
032, 025, 032, float, 28272
032, 026, 025, double, 56016
032, 026, 025, float, 28032
032, 026, 026, double, 56272
032, 026, 026, float, 28160
032, 026, 027, double, 56544
032, 026, 027, float, 28288
032, 026, 028, double, 56800
032, 026, 028, float, 28416
032, 026, 029, double, 57072
032, 026, 029, float, 28560
032, 026, 030, double, 57328
032, 026, 030, float, 28688
032, 026, 031, double, 57600
032, 026, 031, float, 28816
032, 026, 032, double, 57856
032, 026, 032, float, 28944
032, 027, 025, double, 57392
032, 027, 025, float, 28720
032, 027, 026, double, 57648
032, 027, 026, float, 28848
032, 027, 027, double, 57920
032, 027, 027, float, 28976
032, 027, 028, double, 58176
032, 027, 028, float, 29104
032, 027, 029, double, 58448
032, 027, 029, float, 29248
032, 027, 030, double, 58704
032, 027, 030, float, 29376
032, 027, 031, double, 58976
032, 027, 031, float, 29504
032, 027, 032, double, 59232
032, 027, 032, float, 29632
032, 028, 025, double, 58800
032, 028, 025, float, 29424
032, 028, 026, double, 59056
032, 028, 026, float, 29552
032, 028, 027, double, 59328
032, 028, 027, float, 29680
032, 028, 028, double, 59584
032, 028, 028, float, 29808
032, 028, 029, double, 59856
032, 028, 029, float, 29952
032, 028, 030, double, 60112
032, 028, 030, float, 30080
032, 028, 031, double, 60384
032, 028, 031, float, 30208
032, 028, 032, double, 60640
032, 028, 032, float, 30336
032, 029, 025, double, 60240
032, 029, 025, float, 30144
032, 029, 026, double, 60496
032, 029, 026, float, 30272
032, 029, 027, double, 60768
032, 029, 027, float, 30400
032, 029, 028, double, 61024
032, 029, 028, float, 30528
032, 029, 029, double, 61296
032, 029, 029, float, 30672
032, 029, 030, double, 61552
032, 029, 030, float, 30800
032, 029, 031, double, 61824
032, 029, 031, float, 30928
032, 029, 032, double, 62080
032, 029, 032, float, 31056
032, 030, 025, double, 61712
032, 030, 025, float, 30880
032, 030, 026, double, 61968
032, 030, 026, float, 31008
032, 030, 027, double, 62240
032, 030, 027, float, 31136
032, 030, 028, double, 62496
032, 030, 028, float, 31264
032, 030, 029, double, 62768
032, 030, 029, float, 31408
032, 030, 030, double, 63024
032, 030, 030, float, 31536
032, 030, 031, double, 63296
032, 030, 031, float, 31664
032, 030, 032, double, 63552
032, 030, 032, float, 31792
032, 031, 025, double, 63216
032, 031, 025, float, 31632
032, 031, 026, double, 63472
032, 031, 026, float, 31760
032, 031, 027, double, 63744
032, 031, 027, float, 31888
032, 031, 028, double, 64000
032, 031, 028, float, 32016
032, 031, 029, double, 64272
032, 031, 029, float, 32160
032, 031, 030, double, 64528
032, 031, 030, float, 32288
032, 031, 031, double, 64800
032, 031, 031, float, 32416
032, 031, 032, double, 65056
032, 031, 032, float, 32544
032, 032, 025, double, 64752
032, 032, 025, float, 32400
032, 032, 026, double, 65008
032, 032, 026, float, 32528
032, 032, 027, double, 65280
032, 032, 027, float, 32656
032, 032, 028, double, 65536
032, 032, 028, float, 32784
032, 032, 029, double, 65808
032, 032, 029, float, 32928
032, 032, 030, double, 66064
032, 032, 030, float, 33056
032, 032, 031, double, 66336
032, 032, 031, float, 33184
032, 032, 032, double, 66592
032, 032, 032, float, 33312
